,Score,Druggability Score,Number of Alpha Spheres,Total SASA,Polar SASA,Apolar SASA,Volume,Mean local hydrophobic density,Mean alpha sphere radius :,Mean alp. sph. solvent access,Apolar alpha sphere proportion,Hydrophobicity score:,Volume score: ,Polarity score:,Charge score :,Proportion of polar atoms: ,Alpha sphere density,Cent. of mass - Alpha Sphere max dist: ,Flexibility,pocket_number,protein
1,0.472,0.711,52,72.604,18.281,54.323,334.086,18.500,3.743,0.489,0.385,25.600, 4.400, 4, 0,34.375,3.298,9.850,0.515,2,5rgi
1,0.484,0.762,45,59.646,6.451,53.195,280.073,15.765,3.759,0.481,0.378,20.000, 4.444, 4, 0,34.483,2.952,9.025,0.521,2,5ret
1,0.187,0.614,47,127.220,16.138,111.082,460.145,31.657,4.060,0.477,0.745,66.000, 4.167, 2, 0,23.333,4.046,10.009,0.317,2,6w4b
1,0.408,0.675,48,87.578,23.594,63.984,409.426,17.474,3.790,0.498,0.396,25.600, 4.400, 4, 0,35.484,3.232,10.489,0.513,2,5rfb
0,0.542,0.690,41,40.301,4.330,35.971,249.621,16.000,3.755,0.482,0.415,20.000, 4.444, 4, 0,31.034,2.778,7.822,0.476,1,5re4
0,0.329,0.861,84,198.420,76.450,121.970,907.657,22.200,3.921,0.450,0.357,14.550, 3.900, 13, 2,47.170,6.288,18.088,0.331,1,6vxs
1,0.439,0.628,55,75.911,20.380,55.531,353.688,22.833,3.781,0.489,0.436,25.600, 4.400, 4, 0,35.294,3.103,9.486,0.413,2,5rfz
0,0.575,0.527,56,129.373,59.351,70.022,668.408,17.583,3.954,0.505,0.429,14.714, 3.667, 13, 1,45.238,6.542,16.390,0.630,1,5rfe
1,0.419,0.728,52,79.160,20.402,58.758,417.735,20.545,3.786,0.503,0.423,25.600, 4.400, 4, 0,34.375,3.326,10.292,0.559,2,5rfe
0,0.435,0.949,74,165.087,43.058,122.030,649.505,22.757,3.794,0.501,0.500,27.200, 4.400, 7, 1,37.500,6.301,16.885,0.529,1,5rfx
0,0.620,0.901,54,52.707,24.931,27.775,617.768,14.737,4.119,0.589,0.352,10.588, 3.824, 11, 4,45.714,5.626,16.847,0.471,1,6w01
0,0.538,0.715,63,81.440,27.096,54.343,474.761,22.320,3.928,0.464,0.397,32.000, 2.867, 3, 1,41.026,4.285,10.791,0.402,1,6w6y
0,0.606,0.581,41,30.517,3.237,27.280,241.479,12.857,3.704,0.444,0.341,20.000, 4.444, 4, 0,31.034,3.034,8.017,0.506,1,5rfn
2,0.428,0.586,38,119.367,51.740,67.627,467.170,13.000,3.749,0.424,0.526,10.333, 3.600, 6, 0,33.333,5.093,13.152,0.484,3,5rfn
15,0.053,0.721,20,104.752,22.633,82.119,255.249,13.867,3.853,0.488,0.750,29.429, 4.429, 3, 1,31.579,3.113,9.320,0.620,16,5rfn
0,0.459,0.631,52,77.118,20.380,56.738,380.871,21.000,3.767,0.456,0.423,25.600, 4.400, 4, 0,32.258,3.346,10.403,0.463,1,5ree
0,0.450,0.589,45,77.492,19.308,58.184,329.185,16.667,3.750,0.491,0.400,25.600, 4.400, 4, 0,33.333,3.318,9.924,0.605,1,6y84
0,0.466,0.955,71,159.176,39.799,119.377,641.180,24.103,3.774,0.477,0.549,27.200, 4.400, 7, 1,35.417,6.387,16.979,0.546,1,5reb
23,0.004,0.754,99,190.652,80.758,109.894,648.232,40.917,3.728,0.416,0.485,-1.167, 4.500, 5, 1,40.000,5.486,11.979,0.031,24,6vyb
116,-0.178,0.636,149,411.937,161.958,249.979,1318.083,35.000,3.895,0.507,0.483,15.147, 3.794, 19, 4,40.217,8.575,17.828,0.059,117,6vyb
160,-0.447,0.553,234,687.896,340.099,347.797,2375.200,17.968,4.034,0.502,0.269,18.646, 4.062, 28, 0,44.444,13.008,36.779,0.171,161,6vyb
1,0.382,0.939,78,177.975,46.206,131.770,645.454,22.286,3.772,0.455,0.449,27.200, 4.400, 7, 1,38.000,6.314,16.777,0.540,2,5rfq
0,0.915,0.920,80,16.657,2.165,14.492,595.151,18.690,3.963,0.523,0.363,33.000, 3.143, 4, 0,39.583,5.345,14.313,0.118,1,6w02
1,0.689,0.834,67,8.089,3.259,4.831,366.873,20.545,3.909,0.483,0.328,27.125, 2.875, 3, 1,40.541,3.665,10.679,0.124,2,6w02
0,0.751,0.837,59,83.581,38.661,44.920,725.189,16.500,3.923,0.536,0.339,21.783, 3.870, 13, 2,42.553,6.118,13.819,0.556,1,5rfw
0,0.620,0.629,79,62.404,41.003,21.401,503.012,29.000,4.005,0.525,0.380,21.625, 4.375, 9, 2,45.238,4.372,11.944,0.445,1,5r84
1,0.319,0.901,71,184.031,38.661,145.370,608.760,24.615,3.777,0.474,0.549,25.500, 4.188, 7, 1,34.694,6.419,17.122,0.604,2,5r84
1,0.161,0.698,120,268.050,115.730,152.319,876.791,22.298,3.792,0.434,0.392,19.276, 4.172, 15, 3,46.377,7.046,15.595,0.183,2,7btf
3,0.108,0.649,63,132.312,53.816,78.496,422.223,26.552,3.733,0.404,0.460,44.154, 4.154, 5, 1,38.235,4.391,10.407,0.112,4,7btf
66,-0.196,0.798,99,336.794,137.536,199.259,947.383,25.892,3.795,0.411,0.374,14.080, 3.400, 15, 3,46.667,6.833,17.841,0.419,67,7btf
0,0.415,0.933,83,168.599,39.799,128.800,703.908,33.000,3.802,0.449,0.578,24.643, 4.214, 6, 1,35.417,6.136,17.162,0.571,1,5rgl
0,0.383,0.709,58,105.987,22.523,83.465,490.104,24.963,3.797,0.500,0.466,23.273, 4.091, 4, 0,34.211,3.616,10.481,0.477,1,5re8
0,0.516,0.675,47,57.037,7.544,49.493,298.318,14.750,3.747,0.482,0.340,20.000, 4.444, 4, 0,32.258,3.169,9.433,0.522,1,5rg0
0,0.537,0.757,49,52.558,6.451,46.107,295.974,18.700,3.688,0.464,0.408,28.000, 4.600, 4, 0,32.353,3.171,9.385,0.551,1,6yb7
1,0.315,0.551,39,121.914,41.003,80.911,500.657,18.609,3.852,0.489,0.590,14.357, 3.643, 6, 0,29.032,4.717,9.395,0.371,2,6yb7
0,0.478,0.936,77,150.836,37.656,113.180,587.359,23.538,3.787,0.474,0.506,27.200, 4.400, 7, 1,37.500,6.347,17.348,0.434,1,5rep
0,0.609,0.756,112,184.236,103.325,80.911,1081.867,29.778,3.903,0.469,0.402,8.273, 3.455, 11, -1,47.692,7.367,16.676,0.281,1,6w75
1,0.491,0.816,96,168.299,75.312,92.987,997.239,27.517,3.881,0.503,0.302,7.750, 3.208, 12, -6,46.774,6.614,22.003,0.299,2,6w75
0,0.725,0.696,63,53.223,21.429,31.794,573.237,18.636,3.972,0.534,0.349,22.059, 4.176, 11, 2,41.860,5.845,14.158,0.599,1,5rg1
1,0.455,0.937,77,158.846,41.964,116.882,673.734,23.000,3.792,0.470,0.468,27.200, 4.400, 7, 1,38.298,6.287,16.711,0.579,2,5rg1
0,0.413,0.943,90,172.415,39.755,132.661,679.243,32.160,3.767,0.462,0.556,25.500, 4.188, 7, 1,35.185,6.237,16.997,0.508,1,5rea
0,0.563,0.675,45,33.890,5.402,28.488,253.632,14.875,3.762,0.511,0.356,20.000, 4.444, 4, 0,33.333,2.732,7.638,0.502,1,5rf0
0,0.547,0.646,49,76.758,27.008,49.750,461.798,22.167,3.961,0.535,0.490,9.000, 4.250, 8, 1,36.364,4.280,9.716,0.624,1,5rey
14,0.010,0.803,71,211.540,90.777,120.763,830.069,24.050,4.010,0.526,0.563,10.905, 3.667, 10, -2,38.000,7.454,19.238,0.391,15,6m2n
16,0.000,0.698,95,250.579,106.871,143.708,1072.647,27.400,4.040,0.533,0.526,14.423, 3.808, 13, -1,40.984,7.820,20.994,0.535,17,6m2n
0,0.247,0.941,81,200.064,43.013,157.051,645.223,30.591,3.791,0.484,0.543,25.500, 4.188, 7, 1,36.538,5.625,16.668,0.508,1,5reh
0,0.477,0.648,46,67.435,19.308,48.127,305.892,16.000,3.745,0.477,0.370,25.600, 4.400, 4, 0,33.333,3.191,9.500,0.506,1,5reg
8,0.115,0.547,21,88.960,12.880,76.081,238.050,14.625,3.826,0.482,0.762,29.429, 4.429, 3, 1,31.579,3.258,9.004,0.615,9,5reg
2,0.163,0.744,52,124.960,48.880,76.081,510.611,24.741,3.838,0.429,0.519,32.308, 3.538, 5, 1,39.394,4.827,13.179,0.289,3,6m71
7,0.115,0.829,52,154.578,51.850,102.728,535.979,23.846,3.752,0.495,0.500,24.000, 4.706, 10, 1,41.026,5.154,13.086,0.842,8,6m71
12,0.059,0.664,61,192.005,109.886,82.119,586.168,22.167,4.013,0.525,0.393,3.625, 3.938, 11, 0,40.000,5.899,15.996,0.821,13,6m71
19,0.044,0.623,77,225.422,88.723,136.699,708.425,22.865,3.811,0.472,0.481,18.000, 4.158, 10, 1,42.308,5.892,12.971,0.376,20,6m71
0,0.489,0.546,71,64.154,38.794,25.360,682.978,28.625,3.928,0.503,0.451,11.500, 3.438, 7, -4,47.619,4.750,11.664,0.129,1,6w4h
0,0.453,0.634,48,71.102,20.402,50.700,333.741,18.000,3.739,0.468,0.396,25.600, 4.400, 4, 0,33.333,3.079,9.773,0.505,1,5rgg
0,0.450,0.615,49,75.235,19.308,55.927,334.213,15.647,3.798,0.466,0.347,25.600, 4.400, 4, 0,35.484,3.231,9.781,0.508,1,5rgp
5,0.231,0.612,25,146.635,24.843,121.792,508.662,10.400,3.953,0.589,0.600,3.100, 3.900, 7, -2,37.931,6.580,17.214,0.623,6,5rgp
0,0.531,0.774,51,56.880,16.315,40.564,323.135,22.500,3.690,0.487,0.471,20.000, 4.444, 4, 0,31.250,3.252,9.646,0.474,1,5rfa
0,0.570,0.568,30,21.447,11.786,9.661,424.318,18.000,3.981,0.628,0.633,10.091, 4.000, 8, 1,37.931,4.183,9.432,0.588,1,5rex
1,0.086,0.727,97,200.400,59.107,141.292,569.619,25.818,3.799,0.450,0.454,31.227, 4.273, 13, 4,40.000,7.539,17.373,0.080,2,6vsb
54,-0.072,0.750,62,150.009,26.831,123.178,563.365,41.592,3.771,0.460,0.790,41.091, 4.273, 5, 0,28.947,4.552,11.966,0.532,55,6vsb
146,-0.229,0.577,47,150.611,37.093,113.517,440.790,42.591,4.046,0.395,0.936,50.300, 4.800, 4, 0,23.077,3.550,8.722,0.849,147,6vsb
175,-0.369,0.887,173,471.639,178.185,293.454,1373.426,33.143,3.853,0.452,0.364,14.947, 3.947, 19, 1,41.237,9.035,24.108,0.688,176,6vsb
192,-0.609,0.552,281,786.706,345.921,440.785,2473.210,29.820,3.995,0.490,0.356,14.488, 4.000, 27, -1,44.516,12.879,35.254,0.155,193,6vsb
0,0.570,0.705,49,37.569,5.379,32.190,258.132,15.882,3.712,0.511,0.347,20.000, 4.444, 4, 0,31.250,2.952,8.018,0.496,1,5reu
0,0.536,0.938,79,129.568,26.919,102.648,708.685,30.000,3.988,0.521,0.494,27.000, 3.667, 11, 2,36.000,5.940,15.203,0.438,1,6vyo
2,0.511,0.750,82,132.468,64.841,67.627,765.000,23.586,4.005,0.498,0.354,27.300, 3.950, 12, 3,43.137,5.588,14.948,0.361,3,6vyo
0,0.556,0.575,73,163.602,76.494,87.108,800.247,17.909,3.831,0.520,0.301,18.500, 3.850, 11, 2,46.296,6.804,15.308,0.489,1,5rer
25,0.020,0.761,76,217.299,109.820,107.479,947.906,32.564,3.945,0.444,0.513,-8.867, 3.133, 10, -1,44.898,6.427,16.081,0.366,26,6yla
0,0.208,0.534,68,228.848,96.741,132.106,744.466,22.812,3.929,0.439,0.471,28.765, 4.118, 7, 2,40.000,6.851,15.728,0.631,1,6w9q
2,0.101,0.835,58,212.953,77.698,135.254,553.096,24.722,3.948,0.483,0.621,12.733, 3.667, 7, 0,32.500,5.774,15.556,0.565,3,6m2q
0,0.651,0.850,62,69.679,19.375,50.304,732.791,27.892,4.018,0.559,0.597,11.333, 3.933, 9, 1,34.091,4.825,12.112,0.456,1,5r81
0,0.545,0.712,46,40.279,4.308,35.971,265.989,14.875,3.771,0.491,0.348,20.000, 4.444, 4, 0,33.333,2.799,8.101,0.537,1,5rfj
2,0.397,0.502,42,106.764,46.383,60.381,381.935,17.478,3.717,0.411,0.548,12.733, 3.667, 7, 0,31.034,4.305,9.879,0.382,3,5re5
0,0.433,0.712,52,81.387,17.165,64.222,353.754,18.500,3.793,0.501,0.385,25.600, 4.400, 4, 0,33.333,3.261,9.866,0.519,1,5rf2
0,0.425,0.634,49,84.228,21.451,62.777,400.697,20.636,3.766,0.471,0.449,25.600, 4.400, 4, 0,34.375,3.306,10.441,0.424,1,5rec
9,0.113,0.680,24,115.010,26.853,88.157,294.053,16.222,3.800,0.427,0.750,29.778, 4.667, 4, 2,31.818,3.718,9.674,0.793,10,5rf6
2,0.457,0.541,39,105.034,50.691,54.343,368.540,13.789,3.681,0.409,0.487,10.143, 3.643, 5, 0,37.037,4.610,10.291,0.346,3,5rfl
10,0.113,0.563,21,102.793,18.259,84.534,244.682,13.000,3.799,0.466,0.667,29.429, 4.429, 3, 1,33.333,3.484,8.818,0.487,11,5rfl
10,0.046,0.708,16,80.846,10.803,70.042,217.273,11.846,3.839,0.539,0.812,32.167, 4.667, 2, 1,31.250,3.032,8.270,0.607,11,5r7y
0,0.567,0.701,47,35.119,6.473,28.646,250.284,15.882,3.738,0.477,0.362,20.000, 4.444, 4, 0,33.333,2.819,7.965,0.536,1,5rf4
3,0.309,0.538,35,14.650,0.000,14.650,274.780,23.000,3.960,0.567,0.686,12.143, 4.571, 5, 2,29.167,2.436,6.071,0.423,4,6y2g
0,0.553,0.697,75,136.218,65.779,70.438,879.708,19.429,3.999,0.500,0.280,25.500, 4.050, 12, 2,50.000,6.223,15.844,0.605,1,5rfo
1,0.460,0.694,52,72.604,19.331,53.274,345.027,19.714,3.771,0.479,0.404,25.600, 4.400, 4, 0,33.333,3.202,9.846,0.480,2,5rfi
0,0.531,0.597,45,46.163,15.023,31.141,244.167,12.857,3.737,0.465,0.311,25.600, 4.400, 4, 0,36.667,2.909,8.033,0.543,1,5rg3
7,0.124,0.690,21,99.855,22.567,77.288,255.072,12.429,3.819,0.464,0.667,29.778, 4.667, 4, 2,35.000,3.764,9.589,0.634,8,5rg3
0,0.564,0.687,48,37.785,4.308,33.477,260.591,16.000,3.736,0.479,0.354,20.000, 4.444, 4, 0,32.258,2.902,7.783,0.382,1,5re6
1,0.437,0.632,49,75.854,21.451,54.402,316.999,14.625,3.747,0.494,0.327,25.600, 4.400, 4, 0,33.333,3.117,9.755,0.506,2,5rej
11,0.069,0.527,19,95.750,17.254,78.496,252.597,12.857,3.796,0.497,0.737,29.429, 4.429, 3, 1,33.333,3.412,8.834,0.485,12,5rej
30,-0.054,0.570,118,303.909,103.126,200.783,960.201,49.313,3.768,0.388,0.568,17.308, 4.154, 16, -1,40.299,6.808,16.108,0.426,31,6m0j
0,0.511,0.616,52,50.002,13.951,36.050,256.538,16.889,3.760,0.508,0.346,25.600, 4.400, 4, 0,33.333,2.852,8.030,0.524,1,5re7
7,0.071,0.844,128,265.837,113.676,152.161,878.330,32.562,3.863,0.467,0.500,18.276, 3.793, 15, 3,38.356,7.447,15.763,0.049,8,6vxx
42,-0.050,0.820,127,295.079,130.842,164.237,881.053,32.562,3.862,0.470,0.504,18.276, 3.793, 15, 3,38.356,7.436,15.763,0.049,43,6vxx
62,-0.084,0.874,128,304.188,126.666,177.521,881.917,32.562,3.863,0.467,0.500,18.276, 3.793, 15, 3,38.356,7.447,15.763,0.049,63,6vxx
72,-0.099,0.817,54,213.944,98.012,115.932,642.804,26.667,3.938,0.527,0.556,33.714, 4.286, 6, 0,40.541,7.020,21.299,0.820,73,6vxx
78,-0.108,0.681,54,216.016,90.423,125.593,618.065,26.667,3.938,0.527,0.556,33.714, 4.286, 6, 0,40.541,7.020,21.301,0.820,79,6vxx
121,-0.190,0.526,54,236.138,93.637,142.500,640.150,26.667,3.938,0.527,0.556,33.714, 4.286, 6, 0,40.541,7.020,21.301,0.820,122,6vxx
0,0.514,0.582,49,45.948,15.045,30.903,249.855,17.895,3.735,0.490,0.388,25.600, 4.400, 4, 0,35.484,2.820,7.871,0.506,1,5r8t
0,0.425,0.607,46,118.480,59.306,59.174,406.863,16.182,3.695,0.425,0.478,12.714, 3.714, 6, 0,32.258,4.714,12.125,0.318,1,5rgr
1,0.362,0.695,45,89.493,27.924,61.569,273.197,15.765,3.712,0.468,0.378,25.600, 4.400, 4, 0,34.375,3.045,9.506,0.475,2,5rgr
0,0.548,0.603,49,36.577,4.308,32.269,239.019,14.875,3.729,0.499,0.327,20.000, 4.444, 4, 0,33.333,2.689,7.672,0.419,1,5rek
7,0.173,0.783,23,96.460,20.380,76.081,301.076,15.556,3.824,0.501,0.783,29.778, 4.667, 4, 2,33.333,4.106,10.227,0.690,8,5rek
0,0.400,0.892,72,167.344,42.008,125.336,674.061,22.686,3.791,0.484,0.486,24.643, 4.214, 6, 1,38.776,5.861,16.658,0.413,1,5rf9
0,0.440,0.938,215,604.430,231.205,373.226,2252.054,42.804,3.962,0.494,0.451,14.809, 4.000, 30, 0,38.732,16.993,42.326,0.391,1,6lzg
1,0.309,0.590,55,78.665,20.402,58.263,326.941,20.727,3.761,0.496,0.400,25.600, 4.400, 4, 0,32.353,3.160,9.716,0.502,2,5r83
0,0.468,0.640,56,73.122,20.402,52.720,392.470,22.750,3.769,0.502,0.429,25.600, 4.400, 4, 0,36.364,3.244,10.067,0.508,1,5reo
0,0.500,0.549,41,36.146,6.451,29.696,238.764,12.857,3.730,0.470,0.341,20.000, 4.444, 4, 0,34.483,2.842,7.843,0.374,1,5rfu
13,0.045,0.681,20,100.400,18.281,82.119,241.366,14.000,3.772,0.481,0.750,29.429, 4.429, 3, 1,33.333,3.161,8.589,0.587,14,5rfu
0,0.257,0.857,83,205.732,65.647,140.085,817.604,36.426,3.978,0.485,0.566,48.789, 4.263, 7, 0,33.333,7.025,17.338,0.750,1,6w41
0,0.348,0.914,98,183.821,49.774,134.047,777.929,24.098,4.028,0.512,0.418,31.500, 3.045, 4, 0,39.655,6.308,16.691,0.045,1,6wcf
15,0.105,0.705,22,106.074,21.540,84.534,229.172,15.000,3.847,0.498,0.727,29.429, 4.429, 3, 1,33.333,3.614,8.886,0.557,16,5rfr
0,0.413,0.965,72,166.602,40.870,125.732,665.222,20.970,3.795,0.466,0.458,27.200, 4.400, 7, 1,36.957,6.126,17.686,0.530,1,5rei
0,0.718,0.515,34,9.648,2.165,7.483,376.605,11.571,4.061,0.568,0.412,22.500, 4.000, 7, 1,29.032,4.470,11.415,0.659,1,5ren
1,0.552,0.697,43,47.002,8.616,38.386,286.887,16.000,3.749,0.475,0.395,20.000, 4.444, 4, 0,33.333,3.197,8.122,0.482,2,5ren
0,0.561,0.704,46,37.614,6.473,31.141,245.177,12.857,3.729,0.502,0.304,20.000, 4.444, 4, 0,32.258,2.856,7.997,0.524,1,5rev
12,0.048,0.502,16,80.709,11.875,68.835,213.011,12.000,3.909,0.492,0.812,29.429, 4.429, 3, 1,31.250,2.764,7.241,0.627,13,5rev
1,0.519,0.698,46,41.531,5.402,36.130,277.462,15.000,3.747,0.475,0.348,20.000, 4.444, 4, 0,35.484,2.901,7.916,0.423,2,5rgn
6,0.207,0.712,26,145.655,21.606,124.049,457.244,11.625,3.898,0.569,0.615,3.100, 3.900, 7, -2,37.037,6.203,15.545,0.539,7,5rgn
11,0.123,0.577,22,93.290,17.210,76.081,264.775,13.333,3.753,0.460,0.682,24.000, 4.750, 4, 2,31.579,3.546,9.405,0.464,12,5rgn
0,0.639,0.602,58,74.413,36.739,37.674,576.005,18.667,3.881,0.575,0.414,11.462, 4.077, 8, 1,43.902,4.845,11.330,0.439,1,5rf1
1,0.454,0.714,48,42.625,6.495,36.130,269.561,18.800,3.754,0.476,0.417,20.000, 4.444, 4, 0,35.484,2.835,8.131,0.380,2,5rf1
0,0.398,0.956,76,164.507,37.567,126.939,645.187,24.647,3.760,0.440,0.447,27.200, 4.400, 7, 1,37.500,5.972,17.512,0.538,1,5re9
0,0.461,0.634,91,180.981,86.469,94.512,892.753,15.636,3.946,0.493,0.242,25.368, 4.105, 10, -1,41.935,6.457,16.909,0.460,1,5rgq
1,0.192,0.521,43,108.793,49.619,59.174,391.747,16.174,3.677,0.403,0.535,12.733, 3.667, 7, 0,30.000,4.577,10.308,0.269,2,5rgq
4,0.103,0.964,34,157.595,23.727,133.868,575.367,15.545,3.949,0.572,0.647,3.100, 3.900, 7, -2,35.484,6.247,17.778,0.521,5,5rgq
1,0.395,0.611,48,47.349,13.951,33.398,251.770,19.810,3.758,0.497,0.438,25.600, 4.400, 4, 0,35.484,2.818,8.201,0.543,2,5rgo
0,0.369,0.671,82,181.961,111.919,70.042,757.047,17.760,3.944,0.490,0.305,7.318, 4.000, 15, 0,42.308,6.077,15.217,0.424,1,6vww
26,0.019,0.600,25,94.750,36.784,57.966,233.287,17.895,3.855,0.527,0.760,-14.833, 3.500, 4, 0,45.000,3.195,9.407,0.750,27,6vww
0,0.433,0.580,56,75.235,19.308,55.927,333.696,21.304,3.799,0.451,0.411,25.600, 4.400, 4, 0,36.667,3.060,9.823,0.527,1,5rez
1,0.411,0.951,73,171.230,40.826,130.404,691.388,24.649,3.835,0.456,0.507,27.200, 4.400, 7, 1,36.957,6.427,17.212,0.543,2,5rgm
0,0.462,0.951,70,145.400,34.397,111.003,583.149,21.600,3.768,0.493,0.500,27.200, 4.400, 7, 1,36.957,5.954,16.952,0.520,1,5rfv
0,0.680,0.733,48,29.080,20.468,8.612,240.256,24.231,3.719,0.496,0.542,9.000, 4.250, 8, 1,38.710,3.746,8.384,0.576,1,5rfp
0,0.387,0.795,56,169.723,54.998,114.725,579.376,22.071,3.903,0.504,0.500,7.706, 3.529, 9, -1,43.902,6.319,15.078,0.305,1,6y2e
0,0.559,0.704,47,38.628,7.567,31.062,248.467,15.882,3.731,0.513,0.362,20.000, 4.444, 4, 0,34.375,2.881,7.994,0.453,1,5rff
0,0.414,0.645,55,93.819,23.638,70.181,426.270,21.565,3.785,0.484,0.418,25.600, 4.400, 4, 0,34.286,3.482,10.787,0.395,1,5rf5
0,0.452,0.675,50,88.304,20.380,67.924,452.545,18.600,3.774,0.497,0.400,25.600, 4.400, 4, 0,35.135,3.635,10.715,0.500,1,5red
0,0.418,0.589,48,80.785,21.473,59.312,332.940,15.647,3.742,0.502,0.354,25.600, 4.400, 4, 0,33.333,3.131,9.491,0.516,1,5rew
0,0.500,0.640,53,66.846,21.451,45.395,397.260,18.500,3.755,0.477,0.377,25.600, 4.400, 4, 0,34.375,3.332,10.506,0.522,1,5rf3
0,0.434,0.581,33,74.338,6.473,67.865,466.634,13.625,3.976,0.586,0.485,9.556, 4.000, 6, -1,39.286,5.160,13.111,0.430,1,5rgs
1,0.418,0.564,55,85.673,21.451,64.222,404.158,18.700,3.779,0.486,0.364,25.600, 4.400, 4, 0,33.333,3.271,10.219,0.395,2,5rgs
2,0.402,0.725,47,124.079,43.168,80.911,559.704,19.241,3.838,0.465,0.617,9.294, 3.588, 8, 0,29.412,5.185,12.923,0.208,3,5rgs
0,0.430,0.770,56,87.772,20.402,67.370,412.723,22.417,3.808,0.460,0.429,24.455, 4.273, 5, 0,33.333,3.438,11.129,0.585,1,5rg2
0,0.462,0.665,52,73.825,17.165,56.659,347.084,18.800,3.785,0.495,0.385,25.600, 4.400, 4, 0,34.375,3.292,9.710,0.480,1,5rfk
0,0.433,0.949,87,218.486,72.363,146.123,860.970,24.958,3.904,0.525,0.552,16.625, 3.667, 11, -2,38.596,8.123,21.076,0.331,1,6y2f
0,0.529,0.593,50,48.737,13.973,34.764,265.848,18.900,3.745,0.494,0.400,25.600, 4.400, 4, 0,35.484,2.992,8.429,0.477,1,5rfh
1,0.431,0.576,55,74.975,18.237,56.738,322.385,22.750,3.791,0.507,0.436,25.600, 4.400, 4, 0,34.375,3.025,9.337,0.577,2,5rft
0,0.207,0.712,45,82.084,2.143,79.941,302.286,29.070,3.621,0.374,0.956,61.588, 4.412, 3, 0,15.152,5.035,10.616,0.158,1,6m17
1,0.203,0.712,45,83.234,2.165,81.069,293.825,29.070,3.621,0.374,0.956,61.588, 4.412, 3, 0,15.152,5.035,10.616,0.158,2,6m17
4,0.143,0.571,43,67.438,12.858,54.581,323.266,26.714,3.851,0.503,0.651,45.455, 3.909, 4, 0,32.258,3.835,11.038,0.183,5,6m17
8,0.084,0.571,43,81.851,12.858,68.993,332.983,26.714,3.851,0.503,0.651,45.455, 3.909, 4, 0,32.258,3.835,11.038,0.183,9,6m17
30,0.006,0.571,32,130.244,11.897,118.348,452.135,20.000,3.957,0.619,0.844,70.500, 4.750, 2, 0,16.667,5.336,15.352,0.331,31,6m17
59,-0.032,0.550,32,139.448,5.402,134.047,449.131,20.000,3.957,0.619,0.844,70.500, 4.750, 2, 0,16.667,5.336,15.352,0.331,60,6m17
183,-0.480,0.888,92,360.572,148.029,212.543,969.744,33.184,3.908,0.435,0.533,23.429, 4.190, 12, -1,46.429,7.008,18.566,0.715,184,6m17
184,-0.488,0.749,92,362.955,166.111,196.843,984.651,33.184,3.908,0.435,0.533,23.429, 4.190, 12, -1,46.429,7.008,18.566,0.715,185,6m17
0,0.581,0.928,62,158.764,77.853,80.911,713.576,21.103,3.802,0.527,0.468,4.619, 3.667, 11, -1,40.816,7.390,20.260,0.306,1,5ref
1,0.384,0.572,52,74.760,19.308,55.452,339.512,22.500,3.740,0.462,0.462,25.600, 4.400, 4, 0,36.364,3.344,9.956,0.499,2,5ref
0,0.592,0.706,40,30.539,4.308,26.231,245.986,12.714,3.759,0.481,0.350,20.000, 4.444, 4, 0,33.333,2.896,8.031,0.575,1,5rfm
10,0.115,0.524,18,105.134,9.732,95.403,307.667,10.308,3.890,0.638,0.722,2.333, 3.667, 3, -1,30.000,3.989,10.855,0.506,11,5rfm
12,0.074,0.509,16,100.356,18.237,82.119,236.260,10.667,3.813,0.496,0.750,29.429, 4.429, 3, 1,33.333,3.638,9.013,0.635,13,5rfm
1,0.462,0.644,53,74.307,20.380,53.927,397.090,21.000,3.778,0.459,0.415,25.600, 4.400, 4, 0,34.375,3.259,10.556,0.560,2,5r7z
0,0.481,0.579,51,117.229,35.447,81.782,600.954,16.556,3.793,0.535,0.353,27.250, 4.167, 5, 0,40.476,4.873,12.680,0.457,1,5rgj
0,0.527,0.649,44,37.864,4.308,33.556,239.188,18.000,3.827,0.522,0.432,20.000, 4.444, 4, 0,28.571,2.509,7.323,0.450,1,5rfy
0,0.544,0.552,46,43.647,13.951,29.696,269.147,12.857,3.765,0.456,0.304,25.600, 4.400, 4, 0,36.667,2.939,8.067,0.495,1,5res
10,0.115,0.767,21,103.592,21.473,82.119,270.470,13.200,3.751,0.465,0.714,29.778, 4.667, 4, 2,35.000,3.873,9.754,0.644,11,5res
1,0.261,0.755,70,168.191,44.063,124.128,711.626,21.706,3.791,0.465,0.486,27.200, 4.400, 7, 1,38.298,6.301,17.672,0.583,2,5rf7
1,0.470,0.696,50,75.213,18.237,56.976,397.235,17.579,3.801,0.444,0.380,25.600, 4.400, 4, 0,37.500,3.380,10.316,0.421,2,5rem
0,0.709,0.933,86,93.489,37.700,55.788,869.513,36.146,4.136,0.577,0.477,13.750, 3.900, 14, 1,40.678,5.763,15.652,0.318,1,6w63
